,Company_Name,rating_count,interLinking,Highly Rated For,Critically Rated For,reviews_count,jobs_count
0,TCS,3.5,IT Services & Consulting | Bangalore / Bengaluru +419 other locations,Job Security,"Promotions / Appraisal, Salary & Benefits, Work Satisfaction",100000,780.0
1,Accenture,3.7,IT Services & Consulting | Bangalore / Bengaluru +235 other locations,,"Promotions / Appraisal, Salary & Benefits, Work Satisfaction",66500,34100.0
2,Wipro,3.7,IT Services & Consulting | Bangalore / Bengaluru +362 other locations,Job Security,"Promotions / Appraisal, Salary & Benefits, Work Satisfaction",59700,6500.0
3,Cognizant,3.7,IT Services & Consulting | Hyderabad / Secunderabad +219 other locations,,"Promotions / Appraisal, Salary & Benefits, Work Satisfaction",56800,403.0
4,Capgemini,3.7,IT Services & Consulting | Bangalore / Bengaluru +177 other locations,"Work Life Balance, Job Security","Promotions / Appraisal, Salary & Benefits, Work Satisfaction",48500,2100.0
5,HDFC Bank,3.8,Banking | Mumbai +1742 other locations,"Job Security, Skill Development / Learning",Promotions / Appraisal,46300,217.0
6,Infosys,3.5,IT Services & Consulting | Bangalore / Bengaluru +234 other locations,Job Security,"Promotions / Appraisal, Salary & Benefits, Work Satisfaction",44700,2000.0
7,ICICI Bank,4.0,Banking | Mumbai +1397 other locations,"Job Security, Skill Development / Learning, Company Culture",,42500,8.0
8,HCLTech,3.4,IT Services & Consulting | Chennai +218 other locations,,"Promotions / Appraisal, Salary & Benefits, Work Satisfaction",41700,298.0
9,Tech Mahindra,3.4,IT Services & Consulting | Hyderabad / Secunderabad +325 other locations,,"Promotions / Appraisal, Salary & Benefits, Work Satisfaction",39900,620.0
10,Genpact,3.7,IT Services & Consulting | Hyderabad / Secunderabad +166 other locations,Job Security,"Promotions / Appraisal, Salary & Benefits",38000,404.0
11,Teleperformance,3.9,BPO | Mumbai +243 other locations,"Work Life Balance, Job Security, Skill Development / Learning",,34000,620.0
12,Axis Bank,3.7,Banking | Mumbai +1462 other locations,,"Promotions / Appraisal, Company Culture, Work Satisfaction",29800,1100.0
13,Concentrix Corporation,3.6,BPO | Bangalore / Bengaluru +169 other locations,Job Security,"Promotions / Appraisal, Salary & Benefits, Work Satisfaction",29700,116.0
14,Amazon,4.0,Internet | Bangalore / Bengaluru +504 other locations,"Company Culture, Work Life Balance, Salary & Benefits",Promotions / Appraisal,28700,1700.0
15,Jio,4.3,Telecom | Mumbai +1741 other locations,"Job Security, Work Life Balance, Skill Development / Learning",,28500,62.0
16,iEnergizer,4.7,BPO | Noida +47 other locations,"Company Culture, Work Life Balance, Work Satisfaction",,26400,35.0
17,Reliance Retail,3.9,Retail | Mumbai +1114 other locations,"Skill Development / Learning, Job Security",Promotions / Appraisal,25200,89.0
18,IBM,3.9,IT Services & Consulting | Bangalore / Bengaluru +157 other locations,"Work Life Balance, Company Culture, Job Security",Promotions / Appraisal,24300,3000.0
19,LTIMindtree,3.7,IT Services & Consulting | Bangalore / Bengaluru +137 other locations,,"Promotions / Appraisal, Salary & Benefits",23700,482.0
20,HDB Financial Services,3.9,NBFC | Mumbai +1054 other locations,"Company Culture, Work Life Balance, Job Security",Promotions / Appraisal,23300,195.0
21,Larsen & Toubro Limited,3.9,Engineering & Construction | Chennai +727 other locations,"Job Security, Skill Development / Learning","Promotions / Appraisal, Work Life Balance",21400,909.0
22,Deloitte,3.7,Management Consulting | Hyderabad / Secunderabad +175 other locations,Job Security,"Promotions / Appraisal, Work Life Balance, Work Satisfaction",20800,1700.0
23,Kotak Mahindra Bank,3.7,Banking | Mumbai +664 other locations,,"Promotions / Appraisal, Company Culture, Work Satisfaction",20200,1200.0
24,Reliance Industries,4.0,Oil & Gas | Jamnagar +780 other locations,"Job Security, Skill Development / Learning, Work Life Balance",Promotions / Appraisal,18400,40.0
25,Vodafone Idea,4.0,Telecom | Pune +681 other locations,"Company Culture, Work Life Balance, Salary & Benefits",Promotions / Appraisal,16700,27.0
26,BYJU'S,3.1,EdTech | Bangalore / Bengaluru +321 other locations,,"Job Security, Company Culture, Work Life Balance",16500,
27,Bharti Airtel,3.9,Telecom | Gurgaon / Gurugram +760 other locations,Skill Development / Learning,Promotions / Appraisal,15700,464.0
28,WNS,3.3,BPO | Pune +58 other locations,,"Promotions / Appraisal, Salary & Benefits, Company Culture",13800,89.0
29,Tata Motors,4.1,Automobile | Pune +490 other locations,"Job Security, Company Culture, Work Life Balance",Promotions / Appraisal,13100,174.0
30,AU Small Finance Bank,4.1,Banking | Jaipur +746 other locations,"Company Culture, Work Life Balance, Job Security",,13000,34.0
31,IndusInd Bank,3.4,Banking | Mumbai +771 other locations,,"Promotions / Appraisal, Company Culture, Work Satisfaction",12800,152.0
32,Ernst & Young,3.4,Management Consulting | Bangalore / Bengaluru +122 other locations,,"Promotions / Appraisal, Work Life Balance, Work Satisfaction",12800,2200.0
33,IDFC FIRST Bank,3.9,Banking | Mumbai +688 other locations,"Salary & Benefits, Skill Development / Learning",,12600,41.0
34,Flipkart,3.9,Internet | Bangalore / Bengaluru +545 other locations,"Company Culture, Skill Development / Learning",Promotions / Appraisal,11900,160.0
35,DXC Technology,3.6,IT Services & Consulting | Bangalore / Bengaluru +132 other locations,Work Life Balance,"Promotions / Appraisal, Salary & Benefits, Work Satisfaction",11200,308.0
36,Bajaj Finserv,3.9,Financial Services | Pune +1089 other locations,"Salary & Benefits, Skill Development / Learning, Job Security",,11100,32.0
37,Infosys BPM,3.5,BPO | Bangalore / Bengaluru +87 other locations,Job Security,"Promotions / Appraisal, Salary & Benefits, Work Satisfaction",11100,50.0
38,PwC,3.3,Management Consulting | Bangalore / Bengaluru +125 other locations,,"Promotions / Appraisal, Work Life Balance, Work Satisfaction",11100,1000.0
39,Mahindra & Mahindra,4.1,Automobile | Pune +541 other locations,"Job Security, Skill Development / Learning, Company Culture",Promotions / Appraisal,11000,1.0
40,HDFC Life,3.9,Insurance | Mumbai +667 other locations,"Skill Development / Learning, Job Security",,10800,151.0
41,Conneqt Business Solutions,3.6,BPO | Hyderabad / Secunderabad +256 other locations,,"Promotions / Appraisal, Salary & Benefits, Work Satisfaction",9600,383.0
42,Mphasis,3.3,IT Services & Consulting | Bangalore / Bengaluru +60 other locations,,"Promotions / Appraisal, Salary & Benefits, Work Satisfaction",9500,40.0
43,Bandhan Bank,3.7,Banking | Kolkata +949 other locations,,"Promotions / Appraisal, Work Satisfaction, Skill Development / Learning",9500,11.0
44,Yes Bank,3.7,Banking | Mumbai +516 other locations,,"Job Security, Promotions / Appraisal, Company Culture",9100,178.0
45,Muthoot Fincorp,4.5,NBFC | Bangalore / Bengaluru +969 other locations,"Skill Development / Learning, Company Culture, Work Life Balance",,8900,69.0
46,Tata Steel,4.0,Iron & Steel | Jamshedpur +219 other locations,"Work Life Balance, Job Security, Company Culture",Promotions / Appraisal,8900,
47,Startek,3.1,BPO | Bangalore / Bengaluru +102 other locations,,"Promotions / Appraisal, Salary & Benefits, Company Culture",8700,103.0
48,Quess,3.8,IT Services & Consulting | Bangalore / Bengaluru +691 other locations,,"Promotions / Appraisal, Job Security",8600,7.0
49,Asian Paints,3.9,Chemicals | Mumbai +524 other locations,"Salary & Benefits, Skill Development / Learning, Job Security","Promotions / Appraisal, Work Life Balance",8500,31.0
50,Paytm,3.2,FinTech | Noida +394 other locations,,"Job Security, Company Culture, Promotions / Appraisal",8500,877.0
51,UltraTech Cement,4.1,Building Material | Mumbai +515 other locations,"Job Security, Skill Development / Learning, Company Culture",,8400,100.0
52,Shriram Finance,4.0,NBFC | Chennai +1066 other locations,"Job Security, Company Culture, Work Life Balance",Promotions / Appraisal,8200,5.0
53,Maruti Suzuki,4.1,Automobile | Gurgaon / Gurugram +424 other locations,"Job Security, Salary & Benefits, Skill Development / Learning",,8200,560.0
54,Sutherland Global Services,3.5,BPO | Chennai +73 other locations,,"Promotions / Appraisal, Skill Development / Learning, Salary & Benefits",8000,406.0
55,EXL Service,3.6,IT Services & Consulting | Noida +59 other locations,Job Security,"Promotions / Appraisal, Salary & Benefits, Skill Development / Learning",8000,354.0
56,Bajaj Finance,3.9,NBFC | Pune +907 other locations,"Salary & Benefits, Skill Development / Learning, Job Security",,8000,6700.0
57,Samsung,3.9,Consumer Electronics & Appliances | Noida +557 other locations,Salary & Benefits,Promotions / Appraisal,7900,58.0
58,Ericsson,4.0,Telecom | Noida +160 other locations,"Company Culture, Work Life Balance, Job Security",Promotions / Appraisal,7900,164.0
59,Cipla,4.1,Pharma | Mumbai +281 other locations,"Salary & Benefits, Work Life Balance, Skill Development / Learning",,7800,77.0
60,Wells Fargo,3.7,Financial Services | Bangalore / Bengaluru +28 other locations,Work Life Balance,"Promotions / Appraisal, Skill Development / Learning, Work Satisfaction",7600,235.0
61,Dr. Reddy's,4.0,Pharma | Hyderabad / Secunderabad +205 other locations,"Skill Development / Learning, Salary & Benefits, Company Culture",Promotions / Appraisal,7600,50.0
62,HGS,3.7,BPO | Bangalore / Bengaluru +118 other locations,Job Security,"Promotions / Appraisal, Salary & Benefits",7300,11.0
63,ICICI Prudential Life Insurance,4.0,Insurance | Mumbai +496 other locations,"Job Security, Skill Development / Learning, Salary & Benefits",,7200,660.0
64,Amazon Development Centre India,3.9,Internet | Hyderabad / Secunderabad +145 other locations,"Company Culture, Work Life Balance",Promotions / Appraisal,7200,10.0
65,Optum Global Solutions,4.0,IT Services & Consulting | Hyderabad / Secunderabad +60 other locations,"Job Security, Company Culture, Work Life Balance","Promotions / Appraisal, Salary & Benefits",7100,250.0
66,JPMorgan Chase & Co.,3.9,Financial Services | Bangalore / Bengaluru +52 other locations,"Job Security, Salary & Benefits",Promotions / Appraisal,7100,705.0
67,Delhivery,3.8,Logistics | Gurgaon / Gurugram +719 other locations,,Promotions / Appraisal,7000,99.0
68,Sun Pharmaceutical Industries,4.1,Pharma | Vadodara +255 other locations,"Salary & Benefits, Skill Development / Learning, Job Security",,7000,358.0
69,Jana Small Finance Bank,3.8,Banking | Bangalore / Bengaluru +401 other locations,Salary & Benefits,,7000,6.0
70,Hexaware Technologies,3.5,IT Services & Consulting | Chennai +67 other locations,,"Promotions / Appraisal, Salary & Benefits, Work Satisfaction",6900,909.0
71,JSW Steel,3.9,Iron & Steel | Ballari +179 other locations,"Job Security, Skill Development / Learning",Promotions / Appraisal,6900,149.0
72,L&T Construction,4.0,Engineering & Construction | Chennai +411 other locations,"Job Security, Skill Development / Learning, Salary & Benefits","Work Life Balance, Promotions / Appraisal",6800,
73,Lupin,4.1,Pharma | Pune +194 other locations,"Company Culture, Skill Development / Learning, Work Life Balance",Promotions / Appraisal,6800,42.0
74,Zydus Lifesciences,4.0,Pharma | Ahmedabad +171 other locations,"Salary & Benefits, Skill Development / Learning",,6700,31.0
75,Hindustan Unilever,4.2,FMCG | Mumbai +509 other locations,"Skill Development / Learning, Company Culture, Job Security",Promotions / Appraisal,6700,52.0
76,Equitas Small Finance Bank,4.3,Banking | Chennai +439 other locations,"Job Security, Company Culture, Work Life Balance",,6600,23.0
77,KPMG India,3.4,Management Consulting | Bangalore / Bengaluru +104 other locations,,"Promotions / Appraisal, Work Life Balance, Work Satisfaction",6500,1400.0
78,ITC,3.9,FMCG | Bangalore / Bengaluru +359 other locations,"Job Security, Skill Development / Learning",Promotions / Appraisal,6500,70.0
79,Ekart Logistics,3.9,Bangalore / Bengaluru +707 other locations,Skill Development / Learning,Promotions / Appraisal,6400,
80,Axis Max Life Insurance,4.0,Insurance | New Delhi +473 other locations,"Skill Development / Learning, Company Culture, Work Life Balance",,6400,297.0
81,Ujjivan Small Finance Bank,4.0,Banking | Bangalore / Bengaluru +509 other locations,"Company Culture, Work Life Balance, Job Security",,6400,135.0
82,FIS,3.8,FinTech | Pune +58 other locations,"Work Life Balance, Company Culture",Promotions / Appraisal,6200,115.0
83,Tata Projects,4.2,Engineering & Construction | Mumbai +268 other locations,"Job Security, Salary & Benefits, Company Culture",,6100,25.0
84,Megha Engineering & Infrastructures,3.9,Engineering & Construction | Hyderabad / Secunderabad +387 other locations,,Promotions / Appraisal,6100,10.0
85,L&T Technology Services,3.1,IT Services & Consulting | Bangalore / Bengaluru +93 other locations,,"Promotions / Appraisal, Salary & Benefits, Work Satisfaction",5900,4.0
86,HCL Group,3.5,IT Services & Consulting | Chennai +95 other locations,Job Security,"Promotions / Appraisal, Salary & Benefits, Work Satisfaction",5900,
87,Indian Army,4.7,Defence & Aerospace | New Delhi +353 other locations,"Job Security, Company Culture, Work Life Balance",,5900,
88,Oracle,3.6,Software Product | Bangalore / Bengaluru +55 other locations,Work Life Balance,"Promotions / Appraisal, Salary & Benefits, Work Satisfaction",5900,1200.0
89,Coforge,3.2,IT Services & Consulting | Noida +102 other locations,,"Promotions / Appraisal, Work Satisfaction, Skill Development / Learning",5900,260.0
90,IIFL Finance,4.0,NBFC | Mumbai +768 other locations,"Work Life Balance, Company Culture, Job Security",,5900,58.0
91,Bajaj Allianz Life Insurance,3.8,Insurance | Pune +580 other locations,Salary & Benefits,,5800,87.0
92,JLL,4.1,Real Estate | Gurgaon / Gurugram +80 other locations,"Job Security, Company Culture, Work Life Balance",,5700,5500.0
93,Muthoot Finance,3.6,NBFC | Bangalore / Bengaluru +740 other locations,,"Promotions / Appraisal, Work Life Balance, Work Satisfaction",5700,85.0
94,eClerx,3.1,IT Services & Consulting | Pune +30 other locations,,"Promotions / Appraisal, Salary & Benefits, Work Satisfaction",5700,868.0
95,Omega Healthcare,3.7,BPO | Chennai +63 other locations,,"Promotions / Appraisal, Salary & Benefits",5700,216.0
96,Udaan,4.0,Internet | Bangalore / Bengaluru +365 other locations,"Salary & Benefits, Work Life Balance, Skill Development / Learning","Job Security, Promotions / Appraisal",5600,7.0
97,Virtusa Consulting Services,3.7,IT Services & Consulting | Hyderabad / Secunderabad +51 other locations,,"Promotions / Appraisal, Work Satisfaction, Job Security",5600,33.0
98,HSBC Group,3.9,Financial Services | Bangalore / Bengaluru +63 other locations,"Job Security, Company Culture, Work Life Balance",Promotions / Appraisal,5600,362.0
99,Cholamandalam Investment & Finance,3.8,Financial Services | Chennai +786 other locations,Salary & Benefits,,5500,20.0
100,Indiamart Intermesh,3.6,Internet | Noida +165 other locations,,"Work Satisfaction, Promotions / Appraisal, Company Culture",5500,926.0
101,DMart,3.9,Retail | Mumbai +237 other locations,"Job Security, Company Culture",Promotions / Appraisal,5400,189.0
102,Aurobindo Pharma,4.0,Pharma | Hyderabad / Secunderabad +109 other locations,"Job Security, Salary & Benefits, Work Life Balance",,5400,12.0
103,Siemens,4.0,Industrial Automation | Bangalore / Bengaluru +149 other locations,"Work Life Balance, Job Security, Company Culture",Promotions / Appraisal,5300,597.0
104,Shapoorji Pallonji Group,4.1,Engineering & Construction | Mumbai +187 other locations,"Job Security, Company Culture, Work Life Balance",Promotions / Appraisal,5300,52.0
105,Standard Chartered,3.6,Banking | Chennai +67 other locations,,"Promotions / Appraisal, Work Satisfaction, Salary & Benefits",5300,
106,CGI Group,4.0,IT Services & Consulting | Bangalore / Bengaluru +43 other locations,"Work Life Balance, Company Culture, Job Security","Promotions / Appraisal, Salary & Benefits",5300,231.0
107,GlobalLogic,3.5,IT Services & Consulting | Hyderabad / Secunderabad +55 other locations,,"Promotions / Appraisal, Salary & Benefits, Work Satisfaction",5300,57.0
108,Firstsource Solutions,3.6,BPO | Bangalore / Bengaluru +69 other locations,,"Promotions / Appraisal, Salary & Benefits, Company Culture",5200,169.0
109,BigBasket,3.9,Internet | Bangalore / Bengaluru +131 other locations,Job Security,Promotions / Appraisal,5200,101.0
110,Access Healthcare,3.7,Healthcare | Chennai +57 other locations,Job Security,"Promotions / Appraisal, Skill Development / Learning",5200,506.0
111,ICICI Lombard General Insurance Company,3.6,Insurance | Mumbai +299 other locations,,"Promotions / Appraisal, Work Satisfaction, Company Culture",5200,204.0
112,Bosch Global Software Technologies,3.8,IT Services & Consulting | Bangalore / Bengaluru +44 other locations,"Work Life Balance, Job Security, Company Culture","Promotions / Appraisal, Salary & Benefits",5200,216.0
113,Apollo Hospitals,4.0,Healthcare | Chennai +222 other locations,"Job Security, Company Culture, Work Life Balance",,5100,71.0
114,SMFG India Credit,3.9,NBFC | Mumbai +566 other locations,Salary & Benefits,Promotions / Appraisal,5100,125.0
115,UST,3.7,IT Services & Consulting | Bangalore / Bengaluru +48 other locations,Work Life Balance,"Promotions / Appraisal, Job Security, Salary & Benefits",5100,81.0
116,Mahindra Finance,3.9,NBFC | Mumbai +706 other locations,"Company Culture, Work Life Balance",Promotions / Appraisal,5100,592.0
117,Citicorp,3.7,Financial Services | Pune +67 other locations,Salary & Benefits,"Promotions / Appraisal, Work Satisfaction, Skill Development / Learning",5100,
118,Ashok Leyland,4.1,Automobile | Chennai +237 other locations,"Skill Development / Learning, Work Life Balance, Company Culture",Promotions / Appraisal,5100,
119,Cyient,3.6,IT Services & Consulting | Hyderabad / Secunderabad +43 other locations,,"Promotions / Appraisal, Salary & Benefits, Skill Development / Learning",5000,96.0
120,Manappuram Finance,3.9,NBFC | Bangalore / Bengaluru +604 other locations,"Work Life Balance, Promotions / Appraisal, Skill Development / Learning",,5000,15.0
121,Hero MotoCorp,4.1,Automobile | Gurgaon / Gurugram +350 other locations,"Company Culture, Work Life Balance, Work Satisfaction",Promotions / Appraisal,5000,
122,PolicyBazaar,3.7,Internet | Gurgaon / Gurugram +129 other locations,Salary & Benefits,"Work Life Balance, Company Culture",4900,682.0
123,Swiggy,3.7,Internet | Bangalore / Bengaluru +222 other locations,,"Job Security, Promotions / Appraisal, Work Satisfaction",4900,230.0
124,JustDial,3.5,Internet | Noida +214 other locations,,"Promotions / Appraisal, Work Satisfaction, Company Culture",4800,54.0
125,SBI Cards & Payment Services,3.7,Financial Services | Gurgaon / Gurugram +420 other locations,,"Promotions / Appraisal, Work Satisfaction, Company Culture",4800,156.0
126,BNY,3.7,Financial Services | Pune +24 other locations,"Company Culture, Work Life Balance","Promotions / Appraisal, Job Security",4800,113.0
127,Kalpataru Projects International,4.1,Engineering & Construction | Mumbai +298 other locations,"Job Security, Skill Development / Learning, Salary & Benefits",,4800,
128,IQVIA,3.8,Clinical Research | Bangalore / Bengaluru +61 other locations,"Work Life Balance, Job Security","Promotions / Appraisal, Salary & Benefits",4700,26.0
129,Eviden,3.6,IT Services & Consulting | Pune +36 other locations,Work Life Balance,"Promotions / Appraisal, Salary & Benefits, Work Satisfaction",4700,57.0
130,vivo,4.1,Consumer Electronics & Appliances | Noida +403 other locations,"Skill Development / Learning, Company Culture, Work Life Balance",Promotions / Appraisal,4700,7.0
131,CBRE,4.1,Real Estate | Hyderabad / Secunderabad +89 other locations,"Company Culture, Job Security, Skill Development / Learning",,4700,34.0
132,Atos,3.8,IT Services & Consulting | Pune +48 other locations,Work Life Balance,"Promotions / Appraisal, Salary & Benefits",4700,91.0
133,TVS Motor,3.9,Automobile | Hosur +330 other locations,"Skill Development / Learning, Job Security, Salary & Benefits",Promotions / Appraisal,4600,65.0
134,Persistent Systems,3.6,IT Services & Consulting | Pune +41 other locations,,"Promotions / Appraisal, Job Security, Work Satisfaction",4600,263.0
135,SBI Life Insurance Company,3.7,Insurance | Mumbai +623 other locations,Job Security,"Promotions / Appraisal, Work Satisfaction",4600,6.0
136,NTT Data,3.8,IT Services & Consulting | Bangalore / Bengaluru +76 other locations,Work Life Balance,Promotions / Appraisal,4600,17.0
137,Nagarro,3.9,IT Services & Consulting | Gurgaon / Gurugram +48 other locations,"Company Culture, Work Life Balance",Promotions / Appraisal,4600,208.0
138,State Bank of India,3.9,Banking | Mumbai +584 other locations,"Job Security, Skill Development / Learning, Salary & Benefits",,4500,8.0
139,Nagarjuna Construction Company,4.1,Engineering & Construction | Hyderabad / Secunderabad +274 other locations,"Job Security, Skill Development / Learning, Salary & Benefits",,4500,17.0
140,Amdocs,3.7,Software Product | Pune +22 other locations,Company Culture,"Promotions / Appraisal, Work Satisfaction, Job Security",4500,49.0
141,Schneider Electric,4.1,Industrial Automation | Bangalore / Bengaluru +117 other locations,"Company Culture, Work Life Balance, Job Security",Promotions / Appraisal,4500,67.0
142,Home Credit Finance,4.0,NBFC | Gurgaon / Gurugram +131 other locations,"Work Life Balance, Company Culture, Skill Development / Learning",Promotions / Appraisal,4500,163.0
143,Ecom Express,3.9,Logistics | Gurgaon / Gurugram +732 other locations,"Work Life Balance, Salary & Benefits","Job Security, Promotions / Appraisal",4500,
144,JBM Group,3.9,Auto Components | Gurgaon / Gurugram +106 other locations,"Job Security, Skill Development / Learning",Promotions / Appraisal,4400,45.0
145,OPPO,3.9,Consumer Electronics & Appliances | Greater Noida +398 other locations,Skill Development / Learning,"Promotions / Appraisal, Job Security",4300,8.0
146,Hewlett Packard Enterprise,4.1,IT Services & Consulting | Bangalore / Bengaluru +100 other locations,"Company Culture, Work Life Balance, Work Satisfaction",Promotions / Appraisal,4300,109.0
147,KEC International,4.0,Engineering & Construction | Mumbai +303 other locations,"Job Security, Salary & Benefits, Company Culture",Promotions / Appraisal,4300,12.0
148,Bosch,4.1,Auto Components | Bangalore / Bengaluru +120 other locations,"Company Culture, Work Life Balance, Skill Development / Learning",Promotions / Appraisal,4300,155.0
149,Piramal Capital Housing Finance,4.2,NBFC | Mumbai +373 other locations,"Company Culture, Skill Development / Learning, Salary & Benefits",,4300,4.0
150,Dell,3.8,Consumer Electronics & Appliances | Bangalore / Bengaluru +114 other locations,"Work Life Balance, Company Culture","Promotions / Appraisal, Job Security",4300,19.0
151,EY Global Delivery Services ( EY GDS),3.5,Accounting & Auditing | Bangalore / Bengaluru +53 other locations,Job Security,"Promotions / Appraisal, Work Satisfaction, Work Life Balance",4300,48.0
152,ITC Infotech,3.7,IT Services & Consulting | Bangalore / Bengaluru +66 other locations,"Work Life Balance, Job Security",Promotions / Appraisal,4300,96.0
153,Mahindra Logistics,3.7,Logistics | Mumbai +231 other locations,,"Promotions / Appraisal, Salary & Benefits",4200,10.0
154,Varun Beverages,3.9,Beverage | New Delhi +351 other locations,Job Security,Promotions / Appraisal,4200,64.0
155,Aditya Birla Fashion and Retail,4.1,Fashion & Textile | Bangalore / Bengaluru +274 other locations,"Job Security, Skill Development / Learning, Company Culture",,4200,82.0
156,Randstad,3.7,Recruitment | Hyderabad / Secunderabad +329 other locations,,"Promotions / Appraisal, Job Security, Work Satisfaction",4100,5.0
157,CARS24,3.5,Internet | Gurgaon / Gurugram +169 other locations,,"Job Security, Promotions / Appraisal, Company Culture",4100,76.0
158,Deutsche Bank,3.9,Banking | Pune +42 other locations,"Work Life Balance, Job Security, Company Culture",Promotions / Appraisal,4100,1300.0
159,L&T Finance,3.9,NBFC | Mumbai +582 other locations,Salary & Benefits,Promotions / Appraisal,4100,
160,Hyundai Motor India Limited,4.2,Automobile | Chennai +277 other locations,"Job Security, Salary & Benefits, Company Culture",,4100,2.0
161,R1 RCM,3.8,BPO | New Delhi +43 other locations,Job Security,Promotions / Appraisal,4100,375.0
162,Havells,3.9,Electrical Equipment | Noida +236 other locations,"Work Life Balance, Salary & Benefits",Promotions / Appraisal,4100,35.0
163,Intas Pharmaceuticals,4.1,Pharma | Ahmedabad +141 other locations,"Job Security, Salary & Benefits, Work Life Balance",,4000,54.0
164,Motilal Oswal Financial Services,3.7,Financial Services | Mumbai +162 other locations,Skill Development / Learning,"Work Satisfaction, Promotions / Appraisal",4000,52.0
165,Utkarsh Small Finance Bank,3.7,Banking | Varanasi +377 other locations,,Promotions / Appraisal,3900,10.0
166,Tata AIA Life Insurance,3.9,Insurance | Mumbai +406 other locations,"Job Security, Skill Development / Learning, Salary & Benefits",,3900,584.0
167,Hetero,3.8,Pharma | Hyderabad / Secunderabad +63 other locations,Job Security,"Promotions / Appraisal, Salary & Benefits",3900,140.0
168,Team Lease,3.9,Recruitment | Bangalore / Bengaluru +377 other locations,Work Life Balance,Promotions / Appraisal,3900,
169,Bajaj Auto,3.8,Automobile | Pune +301 other locations,,Promotions / Appraisal,3900,116.0
170,Thermax Limited,4.2,Industrial Machinery | Pune +235 other locations,"Job Security, Company Culture, Work Life Balance",,3800,74.0
171,Macleods Pharmaceuticals,3.6,Pharma | Mumbai +123 other locations,Job Security,"Promotions / Appraisal, Company Culture, Work Satisfaction",3800,18.0
172,LG Electronics,3.9,Consumer Electronics & Appliances | Pune +286 other locations,"Job Security, Skill Development / Learning",Promotions / Appraisal,3800,
173,Tata Communications,4.0,Telecom | Pune +98 other locations,"Work Life Balance, Job Security, Company Culture","Promotions / Appraisal, Salary & Benefits",3800,24.0
174,Aakash Educational Services,3.3,Education & Training | New Delhi +235 other locations,,"Promotions / Appraisal, Work Life Balance, Company Culture",3800,65.0
175,Lenskart,3.3,Internet | New Delhi +228 other locations,,"Promotions / Appraisal, Company Culture, Work Life Balance",3800,203.0
176,John Deere,4.0,Industrial Machinery | Pune +144 other locations,"Company Culture, Work Life Balance, Skill Development / Learning",Promotions / Appraisal,3800,13.0
177,Oyo Rooms,3.1,Internet | Gurgaon / Gurugram +119 other locations,,"Job Security, Company Culture, Work Satisfaction",3800,113.0
178,Berger Paints,3.7,Chemicals | Kolkata +326 other locations,,"Promotions / Appraisal, Company Culture, Work Life Balance",3800,158.0
179,Royal Enfield,4.2,Automobile | Chennai +360 other locations,"Work Life Balance, Skill Development / Learning, Company Culture",Promotions / Appraisal,3700,4.0
180,VE Commercial Vehicles,3.9,Automobile | Indore +150 other locations,"Job Security, Skill Development / Learning","Promotions / Appraisal, Salary & Benefits",3700,8.0
181,Jubilant Foods Works,3.7,Hospitality | New Delhi +244 other locations,,"Promotions / Appraisal, Work Life Balance, Work Satisfaction",3700,126.0
182,HDFC Ergo General Insurance,3.9,Insurance | Mumbai +310 other locations,"Company Culture, Work Life Balance, Job Security",Promotions / Appraisal,3700,17.0
183,Reliance Communications,4.0,Telecom | Mumbai +462 other locations,"Skill Development / Learning, Company Culture, Work Life Balance",Promotions / Appraisal,3700,
184,DCB Bank,3.8,Banking | Mumbai +330 other locations,Work Life Balance,Promotions / Appraisal,3700,10.0
185,Carelon Global Solutions,3.8,Software Product | Bangalore / Bengaluru +18 other locations,"Company Culture, Work Life Balance, Job Security",Promotions / Appraisal,3600,34.0
186,Jindal Steel Limited,3.9,Iron & Steel | Angul +164 other locations,Skill Development / Learning,Promotions / Appraisal,3600,38.0
187,Hindalco Industries,4.2,Metals & Mining | Sambalpur +120 other locations,"Job Security, Work Life Balance, Skill Development / Learning",,3600,5.0
188,Cummins,4.3,Industrial Machinery | Pune +109 other locations,"Company Culture, Work Life Balance, Skill Development / Learning",,3600,8.0
189,State Street Corporation,3.6,Financial Services | Bangalore / Bengaluru +31 other locations,,"Promotions / Appraisal, Work Satisfaction, Skill Development / Learning",3600,
190,Bank of America,4.2,Banking | Gurgaon / Gurugram +33 other locations,"Job Security, Work Life Balance, Company Culture",Promotions / Appraisal,3600,1.0
191,XpressBees,4.2,Internet | Pune +465 other locations,"Work Life Balance, Skill Development / Learning, Company Culture",,3600,14.0
192,Publicis Sapient,3.4,IT Services & Consulting | Bangalore / Bengaluru +43 other locations,,"Promotions / Appraisal, Job Security, Work Satisfaction",3600,221.0
193,RBL Bank,3.5,Banking | Mumbai +268 other locations,,"Promotions / Appraisal, Company Culture, Work Satisfaction",3600,82.0
194,American Express,4.1,Financial Services | Gurgaon / Gurugram +50 other locations,"Company Culture, Work Life Balance, Job Security",Promotions / Appraisal,3600,231.0
195,Viatris,4.1,Pharma | Hyderabad / Secunderabad +80 other locations,"Salary & Benefits, Job Security, Work Life Balance",,3500,9.0
196,Subros,3.8,Auto Components | Noida +84 other locations,"Job Security, Skill Development / Learning, Company Culture","Salary & Benefits, Promotions / Appraisal",3500,1.0
197,PVR Inox,3.9,Media & Entertainment | New Delhi +149 other locations,,Promotions / Appraisal,3500,16.0
198,Pidilite Industries,4.2,Chemicals | Mumbai +287 other locations,"Job Security, Company Culture, Work Life Balance",Promotions / Appraisal,3500,5.0
199,Alembic Pharmaceuticals,3.9,Pharma | Vadodara +177 other locations,"Salary & Benefits, Work Life Balance",,3500,48.0
200,Automatic Data Processing (ADP),3.9,Software Product | Hyderabad / Secunderabad +39 other locations,"Job Security, Company Culture, Work Life Balance",Promotions / Appraisal,3500,19.0
201,Maersk,4.0,Logistics | Chennai +47 other locations,"Company Culture, Work Life Balance, Work Satisfaction",Promotions / Appraisal,3400,53.0
202,Sodexo,4.0,Facility Management Services | Mumbai +152 other locations,"Company Culture, Work Life Balance, Work Satisfaction",Promotions / Appraisal,3400,1300.0
203,Samvardhana Motherson Group,3.7,Auto Components | Noida +90 other locations,Job Security,"Promotions / Appraisal, Company Culture, Work Life Balance",3400,18.0
204,Godrej & Boyce Manufacturing,3.9,Consumer Electronics & Appliances | Mumbai +155 other locations,Job Security,Promotions / Appraisal,3400,68.0
205,Escorts Kubota Limited,4.1,Automobile | Faridabad +144 other locations,"Work Life Balance, Company Culture, Skill Development / Learning",Promotions / Appraisal,3400,1.0
206,Synechron,3.5,IT Services & Consulting | Pune +31 other locations,,"Job Security, Promotions / Appraisal, Work Satisfaction",3400,59.0
207,Birlasoft,3.5,IT Services & Consulting | Pune +45 other locations,,"Promotions / Appraisal, Work Satisfaction, Salary & Benefits",3400,5.0
208,Dabur,3.9,FMCG | New Delhi +304 other locations,Salary & Benefits,Promotions / Appraisal,3400,21.0
209,Abbott,4.1,Pharma | Mumbai +200 other locations,"Salary & Benefits, Company Culture, Work Life Balance",Promotions / Appraisal,3400,330.0
210,Kogta Financial India Limited,4.7,NBFC | Jaipur +244 other locations,"Company Culture, Work Life Balance, Skill Development / Learning",,3400,91.0
211,Bharat Electronics,4.2,Electronics Manufacturing | Bangalore / Bengaluru +81 other locations,"Work Life Balance, Company Culture, Work Satisfaction",,3400,
212,Cogent E Services,3.2,BPO | Noida +52 other locations,,"Company Culture, Work Satisfaction, Promotions / Appraisal",3400,1.0
213,PNB MetLife,3.4,Insurance | New Delhi +398 other locations,,"Company Culture, Work Satisfaction, Job Security",3400,11.0
214,Kyndryl,3.9,IT Services & Consulting | Bangalore / Bengaluru +33 other locations,"Work Life Balance, Company Culture, Skill Development / Learning",Promotions / Appraisal,3400,46.0
215,Aditya Birla Sun Life Insurance,4.0,Insurance | Mumbai +460 other locations,"Work Life Balance, Company Culture, Job Security",,3300,
216,Grasim Industries,4.0,Building Material | Bharuch +220 other locations,"Job Security, Skill Development / Learning, Work Life Balance",Promotions / Appraisal,3300,
217,Aarti Industries,4.1,Agro Chemicals | Bharuch +56 other locations,"Job Security, Work Life Balance, Company Culture",,3300,2.0
218,Glenmark Pharmaceuticals,3.8,Pharma | Mumbai +167 other locations,,Promotions / Appraisal,3300,55.0
219,Indian Oil Corporation,4.4,Oil & Gas | New Delhi +295 other locations,"Company Culture, Work Life Balance, Work Satisfaction",,3300,
220,Kotak Mahindara Life Insurance,3.6,Insurance | Mumbai +241 other locations,,"Promotions / Appraisal, Work Satisfaction, Company Culture",3300,6200.0
221,KPIT Technologies,3.1,Software Product | Pune +41 other locations,,"Promotions / Appraisal, Job Security, Company Culture",3300,39.0
222,JK Cement,4.0,Building Material | New Delhi +306 other locations,"Salary & Benefits, Work Life Balance, Job Security",,3300,3.0
223,"NTT DATA, Inc.",4.0,IT Services & Consulting | Bangalore / Bengaluru +31 other locations,"Work Life Balance, Job Security, Company Culture",Promotions / Appraisal,3300,822.0
224,Reliance Projects & Property Management Services,4.0,IT Services & Consulting | Kolkata +590 other locations,"Work Life Balance, Job Security, Skill Development / Learning",Promotions / Appraisal,3300,
225,Ipca Laboratories,3.9,Pharma | Mumbai +151 other locations,"Job Security, Work Life Balance, Skill Development / Learning","Promotions / Appraisal, Salary & Benefits",3300,58.0
226,Johnson Controls,3.5,Industrial Automation | Pune +53 other locations,,"Promotions / Appraisal, Work Satisfaction, Job Security",3300,177.0
227,Tata Capital,4.0,NBFC | Mumbai +312 other locations,"Job Security, Skill Development / Learning, Salary & Benefits",,3300,2300.0
228,MRF Tyres,3.6,Auto Components | Chennai +186 other locations,,"Company Culture, Work Satisfaction, Work Life Balance",3200,18.0
229,Ford Motor,4.2,Automobile | Chennai +127 other locations,"Company Culture, Work Life Balance, Salary & Benefits",,3200,1.0
230,Alkem Laboratories,3.9,Pharma | Mumbai +187 other locations,Salary & Benefits,Promotions / Appraisal,3200,30.0
231,UBS,3.9,Financial Services | Pune +19 other locations,"Work Life Balance, Company Culture",Promotions / Appraisal,3200,3.0
232,IGT Solutions,3.3,IT Services & Consulting | New Delhi +48 other locations,,"Promotions / Appraisal, Salary & Benefits, Company Culture",3200,86.0
233,24/7 Customer,3.5,Software Product | Bangalore / Bengaluru +35 other locations,,"Promotions / Appraisal, Salary & Benefits, Work Satisfaction",3200,60.0
234,Vishal Mega Mart,3.7,Retail | New Delhi +357 other locations,Salary & Benefits,"Company Culture, Work Life Balance, Work Satisfaction",3200,3.0
235,Marpu Foundation,4.8,Non-Profit | Hyderabad / Secunderabad +58 other locations,"Company Culture, Work Life Balance, Work Satisfaction",,3200,
236,Honda Motorcycle & Scooter,4.1,Automobile | Gurgaon / Gurugram +279 other locations,"Job Security, Work Life Balance, Company Culture",Promotions / Appraisal,3200,
237,Reliance Digital,4.1,Retail | Mumbai +358 other locations,"Skill Development / Learning, Job Security, Company Culture",,3200,
238,Hindustan Coca Cola Beverages,4.0,Beverage | Bangalore / Bengaluru +249 other locations,"Skill Development / Learning, Salary & Benefits, Job Security",Promotions / Appraisal,3100,54.0
239,HARMAN,3.8,Consumer Electronics & Appliances | Bangalore / Bengaluru +38 other locations,Work Life Balance,"Promotions / Appraisal, Skill Development / Learning",3100,286.0
240,Reliance Nippon Life Insurance,3.4,Insurance | Mumbai +470 other locations,,"Job Security, Company Culture, Work Satisfaction",3100,12.0
241,Indian Air Force,4.6,Defence & Aerospace | New Delhi +130 other locations,"Job Security, Skill Development / Learning, Company Culture",,3100,
242,NatWest Group,4.0,Banking | Gurgaon / Gurugram +25 other locations,"Work Life Balance, Job Security, Company Culture","Promotions / Appraisal, Salary & Benefits",3100,
243,Ceat Tyres,3.9,Auto Components | Nagpur +133 other locations,"Job Security, Company Culture, Skill Development / Learning","Promotions / Appraisal, Salary & Benefits",3100,7.0
244,ABB,4.1,Industrial Machinery | Bangalore / Bengaluru +103 other locations,"Work Life Balance, Job Security, Company Culture",Promotions / Appraisal,3100,271.0
245,DTDC Express,3.7,Logistics | New Delhi +257 other locations,,"Promotions / Appraisal, Salary & Benefits, Company Culture",3100,16.0
246,ArcelorMittal Nippon Steel,4.1,Iron & Steel | Surat +80 other locations,"Job Security, Work Life Balance, Company Culture",,3100,4.0
247,Future Group,4.3,Retail | Mumbai +205 other locations,"Company Culture, Work Life Balance, Skill Development / Learning",,3000,
248,InterGlobe Aviation,3.5,Aviation | New Delhi +99 other locations,,"Promotions / Appraisal, Salary & Benefits, Work Life Balance",3000,46.0
249,Conduent,3.4,BPO | Bangalore / Bengaluru +34 other locations,,"Promotions / Appraisal, Salary & Benefits, Skill Development / Learning",3000,486.0
250,RSPL Group,4.0,FMCG | Kanpur +237 other locations,"Job Security, Work Life Balance, Company Culture",Promotions / Appraisal,3000,29.0
251,Barclays,3.7,Banking | Pune +36 other locations,Salary & Benefits,"Promotions / Appraisal, Work Satisfaction, Skill Development / Learning",3000,
252,Tata Technologies,3.5,Engineering & Construction | Pune +52 other locations,,"Promotions / Appraisal, Salary & Benefits, Work Satisfaction",3000,126.0
253,UNO Minda,3.9,Auto Components | Pune +99 other locations,"Job Security, Company Culture, Skill Development / Learning",Promotions / Appraisal,3000,7.0
254,GeBBS Healthcare Solutions,3.7,Healthcare | Mumbai +24 other locations,Job Security,"Promotions / Appraisal, Salary & Benefits, Work Satisfaction",3000,71.0
255,Alstom Transportation,3.7,Engineering & Construction | Bangalore / Bengaluru +74 other locations,Job Security,"Promotions / Appraisal, Company Culture, Work Satisfaction",3000,331.0
256,AGS Health,4.0,IT Services & Consulting | Chennai +58 other locations,"Company Culture, Job Security, Work Life Balance",,3000,39.0
257,Tata AIG,4.1,Insurance | Mumbai +252 other locations,"Job Security, Company Culture, Work Life Balance",Promotions / Appraisal,2900,126.0
258,PhonePe,4.0,FinTech | Bangalore / Bengaluru +340 other locations,"Salary & Benefits, Company Culture, Work Life Balance",,2900,23.0
259,Max Healthcare,3.9,Healthcare | New Delhi +74 other locations,"Job Security, Skill Development / Learning, Company Culture",Promotions / Appraisal,2900,143.0
260,Cloudnine Hospital,4.5,Healthcare | Bangalore / Bengaluru +41 other locations,"Skill Development / Learning, Company Culture, Work Life Balance",,2900,
261,UPL,4.1,Agro Chemicals | Ankleshwar +181 other locations,"Job Security, Work Life Balance, Skill Development / Learning",,2900,49.0
262,Amazon Transportation Services,4.1,Hyderabad / Secunderabad +218 other locations,"Company Culture, Salary & Benefits, Skill Development / Learning",,2900,
263,Walmart,3.5,Retail | Bangalore / Bengaluru +90 other locations,,"Promotions / Appraisal, Work Satisfaction, Job Security",2900,188.0
264,S&P Global,4.0,Analytics & KPO | Hyderabad / Secunderabad +45 other locations,"Company Culture, Work Life Balance",Promotions / Appraisal,2900,548.0
265,PepsiCo,4.0,Food Processing | Hyderabad / Secunderabad +262 other locations,"Work Life Balance, Company Culture, Job Security",Promotions / Appraisal,2900,343.0
266,TVS Credit Services Ltd,4.2,NBFC | Chennai +402 other locations,"Salary & Benefits, Company Culture, Work Life Balance",,2900,42.0
267,Dilip Buildcon,3.9,Engineering & Construction | Bhopal +217 other locations,Salary & Benefits,"Promotions / Appraisal, Job Security",2900,21.0
268,Titan Company,4.2,Retail | Bangalore / Bengaluru +175 other locations,"Company Culture, Job Security, Work Life Balance",,2900,118.0
269,Croma,3.9,Retail | Mumbai +179 other locations,"Job Security, Work Life Balance, Skill Development / Learning",Promotions / Appraisal,2900,21.0
270,Varroc Group,3.6,Auto Components | Pune +59 other locations,,"Promotions / Appraisal, Job Security, Company Culture",2900,47.0
271,Bajaj Allianz General Insurance,3.7,Insurance | Pune +265 other locations,Salary & Benefits,"Work Satisfaction, Promotions / Appraisal, Work Life Balance",2900,293.0
272,CMS IT Services,3.1,IT Services & Consulting | Mumbai +151 other locations,,"Promotions / Appraisal, Salary & Benefits, Company Culture",2800,72.0
273,Mankind Pharma,3.8,Pharma | New Delhi +229 other locations,Salary & Benefits,"Company Culture, Promotions / Appraisal",2800,16.0
274,Societe Generale Global Solution Centre,3.7,IT Services & Consulting | Bangalore / Bengaluru +24 other locations,"Work Life Balance, Job Security","Promotions / Appraisal, Salary & Benefits, Work Satisfaction",2800,105.0
275,Square Yards,3.7,Internet | Gurgaon / Gurugram +48 other locations,,Job Security,2800,45.0
276,Zensar Technologies,3.7,IT Services & Consulting | Pune +29 other locations,Work Life Balance,"Promotions / Appraisal, Job Security, Salary & Benefits",2800,328.0
277,Afcons Infrastructure,4.2,Engineering & Construction | Mumbai +113 other locations,"Job Security, Skill Development / Learning, Company Culture",,2800,33.0
278,ACC,3.9,Building Material | Mumbai +257 other locations,,Promotions / Appraisal,2800,19.0
279,Torrent Pharmaceuticals,3.9,Pharma | Ahmedabad +120 other locations,"Job Security, Work Life Balance, Company Culture","Promotions / Appraisal, Salary & Benefits",2800,33.0
280,MSN Laboratories,3.6,Pharma | Hyderabad / Secunderabad +96 other locations,Job Security,"Company Culture, Work Life Balance, Work Satisfaction",2800,39.0
281,UnitedHealth,4.0,Healthcare | Hyderabad / Secunderabad +17 other locations,"Job Security, Work Life Balance, Company Culture","Promotions / Appraisal, Salary & Benefits",2700,
282,Blinkit,3.8,Internet | Gurgaon / Gurugram +121 other locations,Salary & Benefits,"Promotions / Appraisal, Work Satisfaction, Job Security",2800,1.0
283,Quest Global,3.5,IT Services & Consulting | Bangalore / Bengaluru +45 other locations,,"Promotions / Appraisal, Salary & Benefits, Work Satisfaction",2700,195.0
284,HDFC Sales,3.9,Financial Services | Mumbai +327 other locations,"Skill Development / Learning, Company Culture, Work Life Balance","Promotions / Appraisal, Salary & Benefits",2700,44.0
285,Nokia,4.0,Telecom | Bangalore / Bengaluru +164 other locations,"Work Life Balance, Company Culture, Work Satisfaction",Promotions / Appraisal,2700,171.0
286,Shoppers Stop,4.0,Retail | Mumbai +80 other locations,"Company Culture, Work Life Balance, Job Security",Promotions / Appraisal,2700,8.0
287,I Process Services,3.8,Mumbai +383 other locations,"Company Culture, Work Life Balance","Promotions / Appraisal, Salary & Benefits",2700,
288,Jindal Stainless,4.2,Iron & Steel | Jajpur +74 other locations,"Job Security, Work Life Balance, Skill Development / Learning",,2700,19.0
289,Fujitsu,3.8,IT Services & Consulting | Pune +39 other locations,"Work Life Balance, Company Culture",Promotions / Appraisal,2700,150.0
290,Whitehat jr,3.4,EdTech | Mumbai +48 other locations,,"Job Security, Promotions / Appraisal, Company Culture",2700,
291,Fiserv,2.8,FinTech | Pune +32 other locations,,"Promotions / Appraisal, Company Culture, Work Satisfaction",2700,91.0
292,Apollo Tyres,4.0,Auto Components | Chennai +174 other locations,"Company Culture, Work Life Balance, Job Security",Promotions / Appraisal,2700,1.0
293,Suzlon Group,4.0,Power | Pune +129 other locations,"Job Security, Skill Development / Learning, Company Culture","Promotions / Appraisal, Salary & Benefits",2700,33.0
294,DS Group,4.0,FMCG | Noida +268 other locations,"Work Life Balance, Job Security, Salary & Benefits",Promotions / Appraisal,2600,49.0
295,Eternal Limited,3.6,Internet | Gurgaon / Gurugram +213 other locations,,"Promotions / Appraisal, Job Security, Work Life Balance",2600,6.0
296,IDFC FIRST Bharat,4.3,Financial Services | Chennai +377 other locations,"Salary & Benefits, Company Culture, Work Life Balance",,2600,
297,Tata Elxsi,3.6,IT Services & Consulting | Bangalore / Bengaluru +29 other locations,Job Security,"Promotions / Appraisal, Salary & Benefits, Work Satisfaction",2600,49.0
298,Yazaki,3.9,Auto Components | Pune +87 other locations,"Job Security, Skill Development / Learning",Promotions / Appraisal,2600,7.0
299,IKS Health,3.5,Analytics & KPO | Mumbai +27 other locations,,"Promotions / Appraisal, Salary & Benefits, Work Satisfaction",2600,9.0
300,Indus Towers,3.6,Hardware & Networking | Gurgaon / Gurugram +215 other locations,,"Promotions / Appraisal, Work Life Balance, Work Satisfaction",2600,24.0
301,Flex,3.9,Electronics Manufacturing | Chennai +45 other locations,"Company Culture, Work Life Balance, Skill Development / Learning","Promotions / Appraisal, Salary & Benefits",2600,60.0
302,Capita,3.5,IT Services & Consulting | Pune +31 other locations,,"Promotions / Appraisal, Salary & Benefits, Skill Development / Learning",2600,47.0
303,VVDN Technologies,3.6,IT Services & Consulting | Gurgaon / Gurugram +43 other locations,,"Promotions / Appraisal, Salary & Benefits, Company Culture",2600,8.0
304,Landmark Group,3.9,Retail | Bangalore / Bengaluru +162 other locations,Job Security,Promotions / Appraisal,2600,17.0
305,Shree Cement,3.8,Building Material | Beawar +240 other locations,,"Promotions / Appraisal, Job Security",2500,
306,Blue Dart Express Ltd,3.9,Logistics | Mumbai +265 other locations,Job Security,Promotions / Appraisal,2500,7.0
307,Shell,3.9,Oil & Gas | Bangalore / Bengaluru +89 other locations,"Work Life Balance, Company Culture, Salary & Benefits","Promotions / Appraisal, Job Security",2500,34.0
308,ElasticRun,3.6,Logistics | Pune +378 other locations,,"Job Security, Work Satisfaction, Promotions / Appraisal",2500,9.0
309,Sahrudaya Healthcare (Medicover Hospitals),4.5,Healthcare | Hyderabad / Secunderabad +43 other locations,"Company Culture, Work Life Balance, Work Satisfaction",,2500,27.0
310,Nestle,3.8,FMCG | Gurgaon / Gurugram +266 other locations,"Salary & Benefits, Job Security, Skill Development / Learning","Promotions / Appraisal, Work Life Balance",2500,26.0
311,Exide Industries,3.4,Auto Components | Kolkata +196 other locations,,"Promotions / Appraisal, Company Culture, Work Satisfaction",2500,79.0
312,KPMG Global Services,3.5,Management Consulting | Bangalore / Bengaluru +36 other locations,,"Promotions / Appraisal, Work Satisfaction, Salary & Benefits",2500,
313,ESAF Small Finance Bank,3.6,Banking | Thrissur +407 other locations,,"Promotions / Appraisal, Work Satisfaction",2500,33.0
314,Britannia,4.0,FMCG | Bangalore / Bengaluru +277 other locations,"Job Security, Skill Development / Learning",Promotions / Appraisal,2500,
315,SRF,4.1,Chemicals | Bharuch +67 other locations,"Job Security, Salary & Benefits, Skill Development / Learning",Promotions / Appraisal,2500,17.0
316,TVS Supply Chain Solutions,3.8,Logistics | Chennai +147 other locations,,"Promotions / Appraisal, Salary & Benefits",2500,15.0
317,G4S,4.0,Law Enforcement & Security | Gurgaon / Gurugram +152 other locations,"Work Life Balance, Company Culture, Job Security",Promotions / Appraisal,2500,342.0
318,Dalmia Bharat Cement,3.9,Building Material | Guwahati +241 other locations,"Job Security, Salary & Benefits",Promotions / Appraisal,2500,1.0
319,Ola Electric Mobility,3.3,Automobile | Bangalore / Bengaluru +371 other locations,,"Job Security, Company Culture, Work Life Balance",2500,
320,Micro Labs,3.6,Pharma | Bangalore / Bengaluru +142 other locations,,"Promotions / Appraisal, Salary & Benefits, Company Culture",2500,15.0
321,GATI-KWE,3.9,Logistics | Hyderabad / Secunderabad +161 other locations,"Work Life Balance, Job Security, Skill Development / Learning",Promotions / Appraisal,2500,5.0
322,KFintech,3.4,FinTech | Hyderabad / Secunderabad +109 other locations,,"Promotions / Appraisal, Salary & Benefits, Skill Development / Learning",2400,8.0
323,BlackBuck,3.7,Internet | Bangalore / Bengaluru +355 other locations,,"Job Security, Promotions / Appraisal",2400,11.0
324,Kansai Nerolac Paints,3.8,Chemicals | Mumbai +234 other locations,,"Promotions / Appraisal, Work Satisfaction",2400,85.0
325,ZS,3.2,Management Consulting | Pune +16 other locations,,"Work Life Balance, Work Satisfaction, Promotions / Appraisal",2400,208.0
326,Domino's Pizza,3.9,New Delhi +238 other locations,"Skill Development / Learning, Salary & Benefits",,2400,
327,Statestreet HCL Services,3.4,BPO | Chennai +17 other locations,,"Promotions / Appraisal, Salary & Benefits, Company Culture",2400,
328,Bajaj Electricals,3.9,Consumer Electronics & Appliances | Mumbai +225 other locations,"Work Life Balance, Salary & Benefits",Promotions / Appraisal,2400,10.0
329,Voltas,4.0,Consumer Electronics & Appliances | Mumbai +193 other locations,"Job Security, Work Life Balance, Company Culture",Promotions / Appraisal,2400,22.0
330,Sterlite Technologies,3.8,Hardware & Networking | Aurangabad +96 other locations,,"Promotions / Appraisal, Job Security",2400,113.0
331,Sammaan Capital Limited,3.8,NBFC | Gurgaon / Gurugram +198 other locations,Work Life Balance,Promotions / Appraisal,2400,10.0
332,Sagility,3.9,BPO | Bangalore / Bengaluru +25 other locations,"Job Security, Company Culture, Work Life Balance","Promotions / Appraisal, Salary & Benefits",2400,51.0
333,Sonalika Tractors,3.6,Automobile | Hoshiarpur +183 other locations,,"Company Culture, Promotions / Appraisal, Work Life Balance",2400,
334,Paras Hospital,4.2,Healthcare | Patna +60 other locations,"Work Life Balance, Skill Development / Learning, Company Culture",,2400,37.0
335,Bharat Financial Inclusion,3.8,NBFC | Hyderabad / Secunderabad +453 other locations,Salary & Benefits,,2400,2.0
336,ACT Fibernet,3.9,Hardware & Networking | Hyderabad / Secunderabad +54 other locations,"Company Culture, Job Security",Promotions / Appraisal,2400,16.0
337,Alldigi Tech,4.0,BPO | Chennai +35 other locations,"Job Security, Company Culture, Work Life Balance",,2400,22.0
338,NoBroker,3.1,Real Estate | Bangalore / Bengaluru +47 other locations,,"Promotions / Appraisal, Work Life Balance, Work Satisfaction",2400,250.0
339,Fortis Healthcare,4.0,Healthcare | New Delhi +66 other locations,"Work Life Balance, Job Security, Skill Development / Learning",Promotions / Appraisal,2400,93.0
340,Movate,3.2,IT Services & Consulting | Chennai +36 other locations,,"Promotions / Appraisal, Salary & Benefits, Company Culture",2400,81.0
341,suzuki motor gujarat,4.2,Automobile | Ahmedabad +113 other locations,"Job Security, Salary & Benefits, Company Culture",,2400,17.0
342,Ajanta Pharma,3.9,Pharma | Mumbai +115 other locations,Job Security,Promotions / Appraisal,2400,19.0
343,Blue Star,4.1,Consumer Electronics & Appliances | Mumbai +142 other locations,"Company Culture, Skill Development / Learning, Salary & Benefits",,2300,142.0
344,Care Health Insurance,3.5,Internet | Gurgaon / Gurugram +234 other locations,,"Promotions / Appraisal, Company Culture, Work Satisfaction",2300,33.0
345,Tractors and Farm Equipment,4.0,Industrial Machinery | Chennai +184 other locations,"Work Life Balance, Skill Development / Learning",Promotions / Appraisal,2300,21.0
346,Star Health & Allied Insurance,3.5,Insurance | Chennai +309 other locations,,"Promotions / Appraisal, Company Culture, Work Life Balance",2300,24.0
347,Patanjali Ayurved,3.9,FMCG | Haridwar +296 other locations,Work Life Balance,Promotions / Appraisal,2300,
348,McDonald's,3.9,Hospitality | New Delhi +145 other locations,"Skill Development / Learning, Company Culture, Job Security",,2300,1.0
349,BT Group,3.8,Telecom | Gurgaon / Gurugram +23 other locations,"Work Life Balance, Company Culture, Job Security","Promotions / Appraisal, Skill Development / Learning, Salary & Benefits",2300,13.0
350,Foundever,3.5,BPO | Hyderabad / Secunderabad +23 other locations,,"Promotions / Appraisal, Salary & Benefits, Work Satisfaction",2300,81.0
351,DBS Bank,3.8,Banking | Hyderabad / Secunderabad +167 other locations,Salary & Benefits,"Promotions / Appraisal, Work Satisfaction",2300,264.0
352,Himalaya Wellness,4.1,Pharma | Bangalore / Bengaluru +225 other locations,"Work Life Balance, Company Culture, Job Security",Promotions / Appraisal,2300,15.0
353,V-Mart,4.1,Retail | Gurgaon / Gurugram +277 other locations,"Skill Development / Learning, Job Security, Company Culture",,2300,11.0
354,Capgemini Engineering,3.4,IT Services & Consulting | Bangalore / Bengaluru +27 other locations,,"Promotions / Appraisal, Salary & Benefits, Work Satisfaction",2300,98.0
355,Axis Direct,3.6,Financial Services | Mumbai +266 other locations,,"Promotions / Appraisal, Work Satisfaction, Company Culture",2300,48.0
356,Gallagher,3.7,Insurance | Bangalore / Bengaluru +27 other locations,"Company Culture, Work Life Balance, Job Security","Promotions / Appraisal, Salary & Benefits",2300,134.0
357,KocharTech,3.8,IT Services & Consulting | Kolkata +26 other locations,,,2300,50.0
358,Adani Power,3.8,Power | Mundra +119 other locations,"Job Security, Skill Development / Learning, Salary & Benefits",Promotions / Appraisal,2300,
359,JCB,3.9,Pune +109 other locations,Work Life Balance,"Promotions / Appraisal, Job Security",2300,
360,Planet Spark,3.9,EdTech | Gurgaon / Gurugram +61 other locations,"Skill Development / Learning, Company Culture, Work Life Balance",,2300,69.0
361,Parle Agro,3.9,Beverage | Mumbai +240 other locations,"Work Life Balance, Job Security, Salary & Benefits",Promotions / Appraisal,2300,2.0
362,IntouchCX,2.8,BPO | Hyderabad / Secunderabad +21 other locations,,"Promotions / Appraisal, Job Security, Work Satisfaction",2300,163.0
363,ICICI Securities,3.9,Financial Services | Mumbai +143 other locations,"Job Security, Work Life Balance, Skill Development / Learning",,2300,49.0
364,Taj Hotels Resorts and Palaces,4.2,Hospitality | Mumbai +104 other locations,"Job Security, Company Culture, Skill Development / Learning",,2200,50.0
365,Datamatics Global Services,3.4,IT Services & Consulting | Mumbai +34 other locations,,"Promotions / Appraisal, Salary & Benefits, Company Culture",2200,47.0
366,Intellect Design Arena,3.7,Software Product | Chennai +39 other locations,Job Security,Promotions / Appraisal,2200,55.0
367,Exl India,3.5,Logistics | New Delhi +42 other locations,Job Security,"Promotions / Appraisal, Salary & Benefits, Work Satisfaction",2200,
368,Info Edge,3.9,Internet | Noida +69 other locations,"Job Security, Company Culture, Work Life Balance",Promotions / Appraisal,2200,479.0
369,Mahindra Rural Housing Finance,4.0,NBFC | Mumbai +447 other locations,"Work Life Balance, Company Culture, Skill Development / Learning",Promotions / Appraisal,2200,18.0
370,Biocon Limited,4.0,Biotechnology | Bangalore / Bengaluru +64 other locations,"Work Life Balance, Job Security, Company Culture",Promotions / Appraisal,2200,17.0
371,Canara HSBC Life Insurance,3.6,Insurance | Gurgaon / Gurugram +300 other locations,,"Work Satisfaction, Job Security, Company Culture",2200,8.0
372,Cybage,3.7,IT Services & Consulting | Pune +14 other locations,"Company Culture, Work Life Balance, Job Security","Promotions / Appraisal, Work Satisfaction, Skill Development / Learning",2200,41.0
373,Emcure Pharmaceuticals,3.7,Pharma | Pune +112 other locations,,"Job Security, Promotions / Appraisal, Company Culture",2200,43.0
374,Cholamandalam MS General Insurance,3.7,Insurance | Chennai +372 other locations,,"Promotions / Appraisal, Work Satisfaction, Skill Development / Learning",2200,
375,3i Infotech,3.4,IT Services & Consulting | Mumbai +120 other locations,,"Promotions / Appraisal, Salary & Benefits, Skill Development / Learning",2200,24.0
376,Aditya Birla Group,4.1,Metals & Mining | Mumbai +251 other locations,"Job Security, Company Culture, Work Life Balance",,2200,3.0
377,Lifestyle,4.3,Retail | Bangalore / Bengaluru +128 other locations,"Company Culture, Work Life Balance, Job Security",,2200,13.0
378,Delhi Public School,3.9,Education & Training | New Delhi +265 other locations,Skill Development / Learning,,2200,167.0
379,Mahindra Holidays & Resorts,3.5,Hospitality | Mumbai +108 other locations,,"Promotions / Appraisal, Work Life Balance, Work Satisfaction",2200,66.0
